idx,row,category,emoji,name,condition,hidden,filename
1,5,💰 財富,🪙,第一桶金,淨資產突破 100 萬,False,001_第一桶金.png
2,6,💰 財富,💵,千萬俱樂部,"淨資產突破 1,000 萬",False,002_千萬俱樂部.png
3,7,💰 財富,🎯,小目標達成,淨資產突破一億,False,003_小目標達成.png
4,8,💰 財富,🏦,十億身家,淨資產突破十億,False,004_十億身家.png
5,9,💰 財富,🌌,百億傳說,淨資產突破一百億,True,005_百億傳說.png
6,10,💰 財富,🐷,存錢筒成精,"手上現金超過 5,000 萬",False,006_存錢筒成精.png
7,11,💰 財富,🪙,幣圈大戶,"加密幣部位超過 5,000 萬",False,007_幣圈大戶.png
8,12,💰 財富,🏘️,包租公,同時擁有 3 間房子,False,008_包租公.png
9,13,💰 財富,🎰,頭獎得主,刮刮樂或樂透中頭獎,True,009_頭獎得主.png
10,14,💰 財富,🕳️,負債人生,淨資產跌到 -500 萬以下,False,010_負債人生.png
11,15,💰 財富,🔥,谷底翻身,曾經負債 100 萬以上，最後還是破億,False,011_谷底翻身.png
12,16,🌱 人生,🎂,平安到老,健健康康活到結算,False,012_平安到老.png
13,17,🌱 人生,🐢,百歲人瑞,活到 100 歲,True,013_百歲人瑞.png
14,18,🌱 人生,🥀,英年早逝,40 歲前人生就落幕,False,014_英年早逝.png
15,19,🌱 人生,🧠,天才,智力到 90 以上,False,015_天才.png
16,20,🌱 人生,🦾,鐵人,健康到 85 以上,False,016_鐵人.png
17,21,🌱 人生,😆,快樂到飛起來,快樂到 85 以上,False,017_快樂到飛起來.png
18,22,🌱 人生,🌟,萬人迷,人緣到 85 以上,False,018_萬人迷.png
19,23,🌱 人生,⏩,跳級生,在學校跳級,False,019_跳級生.png
20,24,🌱 人生,🏫,明星高中,考上明星高中,False,020_明星高中.png
21,25,🌱 人生,🎓,頂大畢業,頂尖大學畢業,False,021_頂大畢業.png
22,26,🌱 人生,📜,研究所,念完研究所,False,022_研究所.png
23,27,🌱 人生,🔬,科展之星,科展得名,False,023_科展之星.png
24,28,🌱 人生,🎤,偶像出道,以偶像身分出道,False,024_偶像出道.png
25,29,🌱 人生,🎸,搖滾魂,熱音大賽得名,False,025_搖滾魂.png
26,30,🌱 人生,🏖️,光榮退休,65 歲正式退休,False,026_光榮退休.png
27,31,💼 職業,🪪,社會新鮮人,找到第一份工作,False,027_社會新鮮人.png
28,32,💼 職業,🦘,跳槽達人,一輩子做過 5 份工作,False,028_跳槽達人.png
29,33,💼 職業,🧑‍💼,當老闆,自己開一間公司,False,029_當老闆.png
30,34,💼 職業,🦈,併購大鯊,收購別人的公司,False,030_併購大鯊.png
31,35,💼 職業,🚀,逆襲成功,走完一條逆襲路線,False,031_逆襲成功.png
32,36,💼 職業,🏆,傳說職業,當上任一種傳說職業,False,032_傳說職業.png
33,37,💼 職業,📚,圖鑑收藏家,職業圖鑑解鎖 5 種傳說職業,False,033_圖鑑收藏家.png
34,38,💼 職業,🥇,同屆第一,結算時身價是同屆第一名,False,034_同屆第一.png
35,39,🏡 家庭,💍,結婚,跟另一半結婚,False,035_結婚.png
36,40,🏡 家庭,💔,情場老手,分手過 3 次,False,036_情場老手.png
37,41,🏡 家庭,👶,當爸媽了,生下第一個孩子,False,037_當爸媽了.png
38,42,🏡 家庭,👨‍👩‍👧‍👦,大家庭,有 3 個孩子,False,038_大家庭.png
39,43,🏡 家庭,🌠,虎爸虎媽,孩子長大很有成就,False,039_虎爸虎媽.png
40,44,🏡 家庭,🐾,毛孩家長,養一隻寵物,False,040_毛孩家長.png
41,45,🏡 家庭,📸,寵物網紅,你的寵物紅了,False,041_寵物網紅.png
42,46,😂 神展開,😂,神展開,遇到第一件神展開,False,042_神展開.png
43,47,😂 神展開,🤪,人生太荒謬,一輩子遇到 8 件神展開,False,043_人生太荒謬.png
44,48,😂 神展開,🗂️,迷因收藏家,累積看過 25 種神展開,False,044_迷因收藏家.png
45,49,😂 神展開,🧾,全都看過了,50 種神展開全部看過,True,045_全都看過了.png
46,50,😂 神展開,🐕,阿柴幣翻 20 倍,梭哈阿柴幣而且賭贏了,True,046_阿柴幣翻_20_倍.png
47,51,😂 神展開,🅲,C 神,十題全猜 C 全對,True,047_C_神.png
48,52,😂 神展開,🛵,套中機車,夜市套圈圈拿到機車,True,048_套中機車.png
49,53,😂 神展開,🔓,打開舊錢包,破解二十年前的加密錢包,True,049_打開舊錢包.png
50,54,😂 神展開,👴,最老的學長,跟孫子一起念大學,True,050_最老的學長.png
51,55,📅 每日挑戰,📅,初次挑戰,打完一場每日排名賽,False,051_初次挑戰.png
52,56,📅 每日挑戰,🔥,連續三天,連續 3 天打排名賽,False,052_連續三天.png
53,57,📅 每日挑戰,🗓️,一週全勤,連續 7 天打排名賽,False,053_一週全勤.png
54,58,📅 每日挑戰,🔟,全球前十,每日挑戰拿到前 10 名,False,054_全球前十.png
55,59,📅 每日挑戰,👑,今日之王,每日挑戰拿到全球第一,False,055_今日之王.png
56,60,👑 高手,⚡,40 歲前破億,40 歲以前資產突破一億,False,056_40_歲前破億.png
57,61,👑 高手,🚀,30 歲前破億,30 歲以前資產突破一億,True,057_30_歲前破億.png
58,62,👑 高手,🧗,困難模式破億,挑戰難度結算時有一億,False,058_困難模式破億.png
59,63,👑 高手,😈,地獄歸來,地獄難度結算時有一億,False,059_地獄歸來.png
60,64,👑 高手,♻️,輪迴十世,玩完 10 輩子,False,060_輪迴十世.png
61,65,👑 高手,🌀,看破紅塵,玩完 50 輩子,True,061_看破紅塵.png
